Timeseries,WaterLevel,Capacity,Precipitation,Culvert,Overflow,Interval,Outflow,Discharge,Evapotranspiration,Temperature
2019-01-01,120.71,9.85,0,0.21,0.0,0.0,0.21,0.0,3.7,24.816666666666663
2019-01-02,120.7,9.83,0,0.21,0.0,86400.0,0.21,0.0,2.3,22.92083333333333
2019-01-03,120.69,9.81,0,0.21,0.0,86400.0,0.21,0.0,1.5,24.512500000000003
2019-01-04,120.68,9.79,0,0.21,0.0,86400.0,0.21,0.0,3.7,26.625
2019-01-05,120.67,9.76,0,0.42,0.0,86400.0,0.42,0.0727777777777851,3.8,25.933333333333334
2019-01-06,120.65,9.72,0,0.42,0.0,86400.0,0.42,0.0,2.9,26.25416666666668
2019-01-07,120.63,9.68,0,0.42,0.0,86400.0,0.42,0.0,3.7,26.120833333333337
2019-01-08,120.61,9.63,0,0.53,0.0,86400.0,0.53,0.0,2.5,25.23333333333333
2019-01-09,120.59,9.59,0,0.63,0.0,86400.0,0.63,0.1670370370370263,3.3,25.929166666666664
2019-01-10,120.56,9.52,0,0.63,0.0,86400.0,0.63,0.0,3.1,26.01666666666667
2019-01-11,120.53,9.45,0,0.63,0.0,86400.0,0.63,0.0,2.7,26.241666666666664
2019-01-12,120.5,9.38,0,0.37,0.0,86400.0,0.37,0.0,2.4,26.39583333333333
2019-01-13,120.48,9.33,0,0.37,0.0,86400.0,0.37,0.0,2.7,26.03333333333333
2019-01-14,120.46,9.29,0,0.36,0.0,86400.0,0.36,0.0,3.1,25.67916666666667
2019-01-15,120.44,9.24,0,0.36,0.0,86400.0,0.36,0.0,2.0,25.5875
2019-01-16,120.42,9.2,0,0.36,0.0,86400.0,0.36,0.0,2.3,26.679166666666664
2019-01-17,120.4,9.15,0,0.36,0.0,86400.0,0.36,0.0,2.2,25.383333333333336
2019-01-18,120.38,9.11,0,0.36,0.0,86400.0,0.36,0.0,2.7,25.05
2019-01-19,120.36,9.06,0,0.36,0.0,86400.0,0.36,0.0,3.5,25.870833333333334
2019-01-20,120.34,9.02,0,0.36,0.0,86400.0,0.36,0.0,2.8,26.10833333333333
2019-01-21,120.32,8.97,0,0.36,0.0,86400.0,0.36,0.0,3.6,26.17916666666667
2019-01-22,120.3,8.93,0,0.36,0.0,86400.0,0.36,0.0,3.5,25.17916666666666
2019-01-23,120.28,8.88,0,0.36,0.0,86400.0,0.36,0.0,4.6,23.66666666666667
2019-01-24,120.26,8.84,0,0.36,0.0,86400.0,0.36,0.0,4.0,22.7375
2019-01-25,120.24,8.79,0,0.36,0.0,86400.0,0.36,0.0,3.4,22.933333333333337
2019-01-26,120.22,8.75,0,0.36,0.0,86400.0,0.36,0.0,3.8,24.16666666666667
2019-01-27,120.2,8.7,0,0.36,0.0,86400.0,0.36,0.0,4.6,24.837499999999995
2019-01-28,120.18,8.66,0,0.36,0.0,86400.0,0.36,0.0,3.7,24.96666666666665
2019-01-29,120.16,8.61,0,0.36,0.0,86400.0,0.36,0.0,3.7,25.85833333333333
2019-01-30,120.14,8.57,0,0.36,0.0,86400.0,0.36,0.0,3.8,26.375
2019-01-31,120.12,8.52,0,0.51,0.0,86400.0,0.51,0.0,3.3,25.191666666666663
2019-02-01,120.09,8.46,0,0.51,0.0,86400.0,0.51,0.0,3.5,26.016666666666666
2019-02-02,120.03,8.32,0,0.5,0.0,86400.0,0.5,0.0,2.8,26.4
2019-02-03,120.03,8.32,0,0.5,0.0,86400.0,0.5,0.5,3.4,26.78333333333333
2019-02-04,119.9,8.07,0,0.5,0.0,86400.0,0.5,0.0,3.5,26.6875
2019-02-05,119.79,7.88,0,0.49,0.0,86400.0,0.49,0.0,3.2,26.65416666666667
2019-02-06,119.76,7.83,0,0.49,0.0,86400.0,0.49,0.0,4.2,26.3375
2019-02-07,119.73,7.77,0,0.49,0.0,86400.0,0.49,0.0,3.3,26.5875
2019-02-08,119.7,7.72,0,0.49,0.0,86400.0,0.49,0.0,3.6,26.59166666666667
2019-02-09,119.66,7.65,0,0.39,0.0,86400.0,0.39,0.0,3.1,26.187500000000004
2019-02-10,119.63,7.6,0,0.39,0.0,86400.0,0.39,0.0,3.8,25.22916666666666
2019-02-11,119.6,7.55,0,0.39,0.0,86400.0,0.39,0.0,4.8,25.80416666666667
2019-02-12,119.57,7.5,0,0.39,0.0,86400.0,0.39,0.0,4.0,27.23333333333333
2019-02-13,119.54,7.45,0,0.39,0.0,86400.0,0.39,0.0,4.5,25.75
2019-02-14,119.51,7.4,0,0.38,0.0,86400.0,0.38,0.0,3.8,26.350000000000005
2019-02-15,119.48,7.34,0,0.38,0.0,86400.0,0.38,0.0,5.0,26.28333333333333
2019-02-16,119.43,7.25,0,0.38,0.0,86400.0,0.38,0.0,5.2,26.320833333333336
2019-02-17,119.39,7.18,0,0.38,0.0,86400.0,0.38,0.0,4.2,26.23333333333333
2019-02-18,119.35,7.12,0,0.38,0.0,86400.0,0.38,0.0,4.2,26.679166666666664
2019-02-19,119.3,7.03,0,0.57,0.0,86400.0,0.57,0.0,4.4,27.2375
2019-02-20,119.25,6.94,0,0.56,0.0,86400.0,0.56,0.0,4.1,27.29166666666666
2019-02-21,119.2,6.85,0,0.56,0.0,86400.0,0.56,0.0,4.0,27.587499999999995
2019-02-22,119.15,6.77,0,0.56,0.0,86400.0,0.56,0.0,4.0,26.899999999999995
2019-02-23,119.1,6.68,0,0.55,0.0,86400.0,0.55,0.0,4.0,25.979166666666668
2019-02-24,119.05,6.59,0,0.55,0.0,86400.0,0.55,0.0,3.7,26.387500000000003
2019-02-25,119.0,6.5,0,0.46,0.0,86400.0,0.46,0.0,4.7,26.508333333333336
2019-02-26,118.95,6.43,0,0.46,0.0,86400.0,0.46,0.0,4.3,26.133333333333336
2019-02-27,118.9,6.35,0,0.36,0.0,86400.0,0.36,0.0,4.7,26.012500000000003
2019-02-28,118.85,6.28,0,0.54,0.0,86400.0,0.54,0.0,4.6,26.120833333333326
2019-03-01,118.8,6.2,0,0.54,0.0,86400.0,0.54,0.0,4.0,25.875
2019-03-02,118.75,6.13,0,0.53,0.0,86400.0,0.53,0.0,4.4,25.625
2019-03-03,118.7,6.05,0,0.53,0.0,86400.0,0.53,0.0,4.4,25.5
2019-03-04,118.65,5.98,0,0.53,0.0,86400.0,0.53,0.0,4.0,25.97916666666666
2019-03-05,118.6,5.9,0,0.53,0.0,86400.0,0.53,0.0,5.4,26.570833333333336
2019-03-06,118.55,5.83,0,0.52,0.0,86400.0,0.52,0.0,4.6,26.587499999999995
2019-03-07,118.5,5.75,0,0.52,0.0,86400.0,0.52,0.0,4.1,27.125
2019-03-08,118.45,5.68,0,0.52,0.0,86400.0,0.52,0.0,3.9,27.787499999999994
2019-03-09,118.4,5.6,0,0.51,0.0,86400.0,0.51,0.0,4.6,28.254166666666663
2019-03-10,118.35,5.53,0,0.51,0.0,86400.0,0.51,0.0,4.3,28.279166666666665
2019-03-11,118.3,5.45,0,0.51,0.0,86400.0,0.51,0.0,3.4,27.475000000000005
2019-03-12,118.25,5.38,0,0.51,0.0,86400.0,0.51,0.0,2.8,27.275
2019-03-13,118.2,5.3,0,0.5,0.0,86400.0,0.5,0.0,2.9,28.066666666666663
2019-03-14,118.15,5.23,0,0.5,0.0,86400.0,0.5,0.0,3.9,28.11666666666667
2019-03-15,118.1,5.15,0,0.5,0.0,86400.0,0.5,0.0,4.2,27.98333333333333
2019-03-16,118.05,5.08,0,0.49,0.0,86400.0,0.49,0.0,3.8,27.616666666666664
2019-03-17,118.0,5.0,0,0.49,0.0,86400.0,0.49,0.0,3.7,28.42083333333333
2019-03-18,117.95,4.94,0,0.49,0.0,86400.0,0.49,0.0,5.3,28.441666666666663
2019-03-19,117.9,4.88,0,0.48,0.0,86400.0,0.48,0.0,5.0,27.883333333333336
2019-03-20,117.85,4.82,0,0.48,0.0,86400.0,0.48,0.0,4.7,28.079166666666666
2019-03-21,117.8,4.75,0,0.48,0.0,86400.0,0.48,0.0,4.1,26.89583333333333
2019-03-22,117.75,4.69,0,0.32,0.0,86400.0,0.32,0.0,2.3,27.087499999999995
2019-03-23,117.7,4.63,0,0.47,0.0,86400.0,0.47,0.0,2.6,26.441666666666663
2019-03-24,117.65,4.57,0,0.47,0.0,86400.0,0.47,0.0,2.6,26.4375
2019-03-25,117.6,4.5,0,0.46,0.0,86400.0,0.46,0.0,3.4,28.425
2019-03-26,117.55,4.44,0,0.46,0.0,86400.0,0.46,0.0,4.8,28.933333333333334
2019-03-27,117.5,4.38,0,0.46,0.0,86400.0,0.46,0.0,4.9,28.262500000000003
2019-03-28,117.4,4.26,0,0.45,0.0,86400.0,0.45,0.0,4.4,28.345833333333328
2019-03-29,117.35,4.2,0,0.45,0.0,86400.0,0.45,0.0,3.5,28.254166666666663
2019-03-30,117.3,4.13,0,0.44,0.0,86400.0,0.44,0.0,3.6,27.866666666666664
2019-03-31,117.25,4.07,0,0.44,0.0,86400.0,0.44,0.0,2.8,27.525
2019-04-01,117.2,4.01,10,0.29,0.0,86400.0,0.29,0.0,4.1,28.199999999999992
2019-04-02,117.15,3.95,0,0.29,0.0,86400.0,0.29,0.0,5.4,28.433333333333326
2019-04-03,117.15,3.95,0,0.29,0.0,86400.0,0.29,0.29,3.2,26.95833333333333
2019-04-04,117.1,3.88,0,0.29,0.0,86400.0,0.29,0.0,1.7,26.32083333333333
2019-04-05,117.05,3.82,0,0.29,0.0,86400.0,0.29,0.0,2.1,27.1
2019-04-06,117.0,3.76,0,0.28,0.0,86400.0,0.28,0.0,3.7,28.28333333333333
2019-04-07,116.95,3.71,0,0.28,0.0,86400.0,0.28,0.0,4.1,28.825
2019-04-08,116.9,3.66,0,0.28,0.0,86400.0,0.28,0.0,3.3,28.71666666666665
2019-04-09,116.85,3.61,0,0.28,0.0,86400.0,0.28,0.0,2.7,27.82916666666667
2019-04-10,116.8,3.56,0,0.27,0.0,86400.0,0.27,0.0,3.0,28.25
2019-04-11,116.75,3.51,0,0.34,0.0,86400.0,0.34,0.0,2.5,27.758333333333336
2019-04-12,116.7,3.46,17,0.33,0.0,86400.0,0.33,0.0,2.6,27.92083333333333
2019-04-13,116.65,3.41,0,0.33,0.0,86400.0,0.33,0.0,4.3,29.49166666666667
2019-04-14,116.6,3.36,0,0.33,0.0,86400.0,0.33,0.0,4.1,29.725
2019-04-15,116.55,3.31,0,0.33,0.0,86400.0,0.33,0.0,3.0,27.691666666666663
2019-04-16,116.5,3.26,0,0.32,0.0,86400.0,0.32,0.0,2.7,28.28333333333333
2019-04-17,116.45,3.21,0,0.26,0.0,86400.0,0.26,0.0,2.3,27.450000000000003
2019-04-18,116.45,3.21,0,0.26,0.0,86400.0,0.26,0.0,2.3,27.450000000000003
2019-04-19,116.35,3.11,0,0.25,0.0,86400.0,0.25,0.0,2.9,29.5125
2019-04-20,116.3,3.06,0,0.25,0.0,86400.0,0.25,0.0,2.8,28.85416666666666
2019-04-21,116.25,3.01,0,0.24,0.0,86400.0,0.24,0.0,3.9,29.57083333333333
2019-04-22,116.2,2.96,0,0.24,0.0,86400.0,0.24,0.0,4.9,29.8125
2019-04-23,116.15,2.91,0,0.24,0.0,86400.0,0.24,0.0,4.3,30.0625
2019-04-24,116.1,2.86,0,0.24,0.0,86400.0,0.24,0.0,4.2,30.04166666666667
2019-04-25,116.08,2.83,0,0.12,0.0,86400.0,0.12,0.0,4.0,29.570833333333336
2019-04-26,116.06,2.8,0,0.12,0.0,86400.0,0.12,0.0,4.5,29.39583333333333
2019-04-27,116.04,2.76,0,0.12,0.0,86400.0,0.12,0.0,4.0,29.366666666666664
2019-04-28,116.02,2.73,0,0.29,0.0,86400.0,0.29,0.0,1.6,26.199999999999992
2019-04-29,115.98,2.7,0,0.28,0.0,86400.0,0.28,0.0,3.0,28.774999999999995
2019-04-30,115.96,2.69,0,0.14,0.0,86400.0,0.14,0.0242592592592566,3.6,29.90416666666667
2019-05-01,115.94,2.69,0,0.23,0.0,86400.0,0.23,0.23,3.6,29.8875
2019-05-02,115.92,2.68,0,0.14,0.0,86400.0,0.14,0.0242592592592617,3.1,28.42916666666666
2019-05-03,115.9,2.68,0,0.14,0.0,86400.0,0.14,0.14,2.7,27.48333333333333
2019-05-04,115.89,2.67,22,0.08,0.0,86400.0,0.08,0.0,1.7,27.04166666666666
2019-05-05,115.88,2.67,0,0.08,0.0,86400.0,0.08,0.08,1.9,28.629166666666663
2019-05-06,115.87,2.66,0,0.08,0.0,86400.0,0.08,0.0,3.6,29.42916666666667
2019-05-07,115.86,2.65,0,0.08,0.0,86400.0,0.08,0.0,1.7,29.175
2019-05-08,115.85,2.65,0,0.08,0.0,86400.0,0.08,0.08,3.1,28.70833333333333
2019-05-09,115.84,2.64,0,0.14,0.0,86400.0,0.14,0.0242592592592617,0.9,25.78333333333333
2019-05-10,115.83,2.63,19,0.14,0.0,86400.0,0.14,0.0242592592592566,1.2,25.800000000000008
2019-05-11,115.9,2.68,35,0.14,0.0,86400.0,0.14,0.7187037037037068,1.6,26.29166666666666
2019-05-12,115.9,2.68,5,0.14,0.0,86400.0,0.14,0.14,2.3,26.779166666666665
2019-05-13,115.9,2.68,0,0.14,0.0,86400.0,0.14,0.14,3.3,27.57083333333333
2019-05-14,115.9,2.68,0,0.14,0.0,86400.0,0.14,0.14,1.8,27.23333333333333
2019-05-15,115.9,2.68,0,0.14,0.0,86400.0,0.14,0.14,2.6,28.56249999999999
2019-05-16,115.9,2.68,5,0.14,0.0,86400.0,0.14,0.14,2.7,27.883333333333336
2019-05-17,115.9,2.68,0,0.14,0.0,86400.0,0.14,0.14,2.7,29.304166666666664
2019-05-18,115.87,2.66,0,0.08,0.0,86400.0,0.08,0.0,3.3,29.541666666666668
2019-05-19,115.87,2.66,0,0.08,0.0,86400.0,0.08,0.08,3.0,29.38333333333333
2019-05-20,115.87,2.66,0,0.08,0.0,86400.0,0.08,0.08,3.1,29.450000000000003
2019-05-21,115.9,2.68,21,0.08,0.0,86400.0,0.08,0.3114814814814817,3.4,28.475000000000005
2019-05-22,115.95,2.69,23,0.09,0.0,86400.0,0.09,0.2057407407407383,2.9,27.429166666666664
2019-05-23,116.0,2.7,0,0.09,0.0,86400.0,0.09,0.2057407407407434,2.5,27.716666666666665
2019-05-24,116.0,2.7,0,0.09,0.0,86400.0,0.09,0.09,1.9,28.633333333333336
2019-05-25,116.0,2.7,0,0.09,0.0,86400.0,0.09,0.09,2.6,28.175
2019-05-26,116.05,2.78,7,0.09,0.0,86400.0,0.09,1.0159259259259217,1.9,26.891666666666666
2019-05-27,116.1,2.86,28,0.09,0.0,86400.0,0.09,1.0159259259259268,3.2,28.379166666666663
2019-05-28,116.1,2.86,0,0.09,0.0,86400.0,0.09,0.09,2.3,27.975000000000005
2019-05-29,116.1,2.86,4,0.09,0.0,86400.0,0.09,0.09,2.3,27.3625
2019-05-30,116.1,2.86,12,0.09,0.0,86400.0,0.09,0.09,1.9,27.316666666666663
2019-05-31,116.1,2.86,0,0.09,0.0,86400.0,0.09,0.09,3.6,28.870833333333337
2019-06-01,116.1,2.86,0,0.09,0.0,86400.0,0.09,0.09,3.6,28.729166666666668
2019-06-02,116.1,2.86,0,0.09,0.0,86400.0,0.09,0.09,1.9,26.566666666666663
2019-06-03,116.1,2.86,0,0.09,0.0,86400.0,0.09,0.09,1.9,27.091666666666665
2019-06-04,116.1,2.86,10,0.09,0.0,86400.0,0.09,0.09,1.4,25.804166666666664
2019-06-05,116.1,2.86,0,0.09,0.0,86400.0,0.09,0.09,1.7,26.88333333333333
2019-06-06,116.1,2.86,10,0.09,0.0,86400.0,0.09,0.09,1.4,26.758333333333336
2019-06-07,116.1,2.86,5,0.09,0.0,86400.0,0.09,0.09,1.2,25.837499999999995
2019-06-08,116.1,2.86,7,0.09,0.0,86400.0,0.09,0.09,2.3,26.975000000000005
2019-06-09,116.1,2.86,0,0.09,0.0,86400.0,0.09,0.09,1.4,27.34583333333333
2019-06-10,116.1,2.86,0,0.09,0.0,86400.0,0.09,0.09,2.2,28.350000000000005
2019-06-11,116.1,2.86,10,0.09,0.0,86400.0,0.09,0.09,2.3,28.225
2019-06-12,116.1,2.86,0,0.09,0.0,86400.0,0.09,0.09,2.1,27.2625
2019-06-13,116.1,2.86,0,0.09,0.0,86400.0,0.09,0.09,1.9,27.683333333333337
2019-06-14,116.1,2.86,4,0.09,0.0,86400.0,0.09,0.09,1.6,26.58750000000001
2019-06-15,116.1,2.86,0,0.09,0.0,86400.0,0.09,0.09,1.4,26.325
2019-06-16,116.1,2.86,0,0.09,0.0,86400.0,0.09,0.09,1.5,26.625000000000004
2019-06-17,116.1,2.86,13,0.09,0.0,86400.0,0.09,0.09,0.3,25.14583333333334
2019-06-18,116.1,2.86,0,0.09,0.0,86400.0,0.09,0.09,1.7,27.525
2019-06-19,116.1,2.86,0,0.09,0.0,86400.0,0.09,0.09,2.8,28.533333333333328
2019-06-20,116.1,2.86,0,0.09,0.0,86400.0,0.09,0.09,1.6,27.133333333333336
2019-06-21,116.1,2.86,0,0.09,0.0,86400.0,0.09,0.09,1.4,27.17083333333333
2019-06-22,116.1,2.86,27,0.09,0.0,86400.0,0.09,0.09,1.7,27.629166666666663
2019-06-23,116.1,2.86,0,0.09,0.0,86400.0,0.09,0.09,2.3,27.97916666666666
2019-06-24,116.1,2.86,0,0.09,0.0,86400.0,0.09,0.09,1.6,26.4375
2019-06-25,116.1,2.86,0,0.09,0.0,86400.0,0.09,0.09,2.2,27.8
2019-06-26,116.1,2.86,0,0.09,0.0,86400.0,0.09,0.09,2.9,28.70833333333333
2019-06-27,116.1,2.86,30,0.09,0.0,86400.0,0.09,0.09,2.9,28.637500000000006
2019-06-28,116.1,2.86,0,0.09,0.0,86400.0,0.09,0.09,1.9,25.82083333333333
2019-06-29,116.1,2.86,0,0.09,0.0,86400.0,0.09,0.09,1.1,26.0875
2019-06-30,116.1,2.86,11,0.09,0.0,86400.0,0.09,0.09,1.0,25.8875
2019-07-01,116.1,2.86,0,0.09,0.0,86400.0,0.09,0.09,1.0,25.454166666666666
2019-07-02,116.1,2.86,21,0.09,0.0,86400.0,0.09,0.09,1.1,25.200000000000003
2019-07-03,116.1,2.86,0,0.09,0.0,86400.0,0.09,0.09,1.1,24.929166666666664
2019-07-04,116.1,2.86,0,0.09,0.0,86400.0,0.09,0.09,0.8,25.04583333333333
2019-07-05,116.1,2.86,18,0.09,0.0,86400.0,0.09,0.09,1.3,26.329166666666666
2019-07-06,116.15,2.91,21,0.09,0.0,86400.0,0.09,0.6687037037037068,1.6,26.71249999999999
2019-07-07,116.2,2.96,0,0.09,0.0,86400.0,0.09,0.6687037037037017,1.2,26.2
2019-07-08,116.25,3.01,0,0.09,0.0,86400.0,0.09,0.6687037037037017,1.7,27.04166666666666
2019-07-09,116.3,3.06,7,0.09,0.0,86400.0,0.09,0.6687037037037068,2.5,27.84166666666667
2019-07-10,116.3,3.06,0,0.09,0.0,86400.0,0.09,0.09,2.7,28.091666666666665
2019-07-11,116.3,3.06,0,0.09,0.0,86400.0,0.09,0.09,2.7,28.950000000000003
2019-07-12,116.3,3.06,0,0.09,0.0,86400.0,0.09,0.09,2.2,28.48333333333333
2019-07-13,116.3,3.06,0,0.09,0.0,86400.0,0.09,0.09,2.0,28.08750000000001
2019-07-14,116.3,3.06,0,0.09,0.0,86400.0,0.09,0.09,2.3,27.74166666666667
2019-07-15,116.3,3.06,0,0.09,0.0,86400.0,0.09,0.09,1.4,25.941666666666663
2019-07-16,116.3,3.06,0,0.09,0.0,86400.0,0.09,0.09,1.1,25.35
2019-07-17,116.4,3.16,61,0.1,0.0,86400.0,0.1,1.2574074074074084,0.7,25.325
2019-07-18,116.5,3.26,0,0.1,0.0,86400.0,0.1,1.2574074074074033,1.4,27.0375
2019-07-19,116.5,3.26,0,0.1,0.0,86400.0,0.1,0.1,1.7,27.15833333333333
2019-07-20,116.5,3.26,0,0.1,0.0,86400.0,0.1,0.1,1.5,26.695833333333336
2019-07-21,116.5,3.26,18,0.1,0.0,86400.0,0.1,0.1,1.6,27.8625
2019-07-22,116.5,3.26,0,0.1,0.0,86400.0,0.1,0.1,1.5,27.79583333333333
2019-07-23,116.5,3.26,0,0.1,0.0,86400.0,0.1,0.1,1.9,27.745833333333337
2019-07-24,116.5,3.26,0,0.1,0.0,86400.0,0.1,0.1,2.5,28.045833333333324
2019-07-25,116.5,3.26,7,0.1,0.0,86400.0,0.1,0.1,2.2,26.14166666666667
2019-07-26,116.5,3.26,0,0.1,0.0,86400.0,0.1,0.1,2.6,27.59166666666665
2019-07-27,116.5,3.26,0,0.1,0.0,86400.0,0.1,0.1,1.7,25.745833333333326
2019-07-28,116.5,3.26,5,0.1,0.0,86400.0,0.1,0.1,0.9,25.054166666666664
2019-07-29,116.5,3.26,0,0.1,0.0,86400.0,0.1,0.1,1.4,25.85
2019-07-30,116.5,3.26,7,0.1,0.0,86400.0,0.1,0.1,1.7,26.9375
2019-07-31,116.5,3.26,0,0.1,0.0,86400.0,0.1,0.1,1.9,26.120833333333334
2019-08-01,116.5,3.26,5,0.1,0.0,86400.0,0.1,0.1,2.3,26.591666666666665
2019-08-02,116.5,3.26,5,0.1,0.0,86400.0,0.1,0.1,1.7,25.58333333333333
2019-08-03,116.5,3.26,0,0.1,0.0,86400.0,0.1,0.1,1.5,26.149999999999995
2019-08-04,116.5,3.26,10,0.1,0.0,86400.0,0.1,0.1,2.0,26.691666666666663
2019-08-05,116.5,3.26,0,0.1,0.0,86400.0,0.1,0.1,1.8,25.975000000000005
2019-08-06,116.5,3.26,12,0.1,0.0,86400.0,0.1,0.1,0.8,24.950000000000003
2019-08-07,116.5,3.26,35,0.1,0.0,86400.0,0.1,0.1,0.4,24.775
2019-08-08,116.5,3.26,28,0.1,0.0,86400.0,0.1,0.1,0.9,25.629166666666663
2019-08-09,116.6,3.36,7,0.1,0.0,86400.0,0.1,1.2574074074074084,0.6,25.35416666666667
2019-08-10,116.63,3.39,5,0.1,0.0,86400.0,0.1,0.4472222222222251,0.6,25.15833333333333
2019-08-11,116.63,3.39,8,0.1,0.0,86400.0,0.1,0.1,0.8,26.137500000000006
2019-08-12,116.68,3.44,5,0.1,0.0,86400.0,0.1,0.6787037037037017,1.1,26.500000000000004
2019-08-13,116.7,3.46,5,0.1,0.0,86400.0,0.1,0.3314814814814817,2.1,27.83333333333333
2019-08-14,116.7,3.46,0,0.1,0.0,86400.0,0.1,0.1,2.2,28.479166666666668
2019-08-15,116.8,3.56,0,0.1,0.0,86400.0,0.1,1.2574074074074084,2.3,28.325000000000003
2019-08-16,116.7,3.46,0,0.1,0.0,86400.0,0.1,0.0,2.0,27.02916666666667
2019-08-17,116.7,3.46,0,0.1,0.0,86400.0,0.1,0.1,1.4,26.34583333333333
2019-08-18,116.75,3.51,10,0.1,0.0,86400.0,0.1,0.6787037037037017,2.1,27.40416666666667
2019-08-19,116.75,3.51,0,0.1,0.0,86400.0,0.1,0.1,2.1,28.237500000000008
2019-08-20,116.75,3.51,0,0.1,0.0,86400.0,0.1,0.1,1.3,26.26666666666667
2019-08-21,116.75,3.51,13,0.1,0.0,86400.0,0.1,0.1,1.1,25.899999999999995
2019-08-22,116.75,3.51,10,0.1,0.0,86400.0,0.1,0.1,1.0,25.80416666666667
2019-08-23,116.75,3.51,7,0.1,0.0,86400.0,0.1,0.1,1.0,25.654166666666665
2019-08-24,116.75,3.51,0,0.1,0.0,86400.0,0.1,0.1,1.3,25.9125
2019-08-25,116.75,3.51,0,0.1,0.0,86400.0,0.1,0.1,0.8,25.79583333333333
2019-08-26,116.75,3.51,11,0.1,0.0,86400.0,0.1,0.1,1.9,27.46666666666667
2019-08-27,116.75,3.51,0,0.1,0.0,86400.0,0.1,0.1,2.0,28.154166666666665
2019-08-28,116.75,3.51,0,0.1,0.0,86400.0,0.1,0.1,1.5,26.995833333333326
2019-08-29,116.9,3.66,49,0.105,0.0,86400.0,0.105,1.8411111111111151,0.8,24.950000000000003
2019-08-30,116.95,3.71,7,0.11,0.0,86400.0,0.11,0.6887037037037017,0.9,25.2375
2019-08-31,117.1,3.88,21,0.11,0.0,86400.0,0.11,2.077592592592592,1.4,26.23333333333333
2019-09-01,117.5,4.38,10,0.12,0.0,86400.0,0.12,5.907037037037037,1.4,26.704166666666666
2019-09-02,117.65,4.57,0,0.12,0.0,86400.0,0.12,2.3190740740740785,0.9,25.258333333333336
2019-09-03,117.7,4.63,8,0.12,0.0,86400.0,0.12,0.8144444444444399,1.4,25.245833333333337
2019-09-04,117.75,4.69,5,0.12,0.0,86400.0,0.12,0.8144444444444502,1.3,25.40833333333333
2019-09-05,117.8,4.75,5,0.12,0.0,86400.0,0.12,0.8144444444444399,1.4,25.59583333333333
2019-09-06,117.8,4.75,3,0.12,0.0,86400.0,0.12,0.12,1.2,26.54166666666666
2019-09-07,117.8,4.75,0,0.12,0.0,86400.0,0.12,0.12,0.9,25.79583333333333
2019-09-08,117.8,4.75,0,0.12,0.0,86400.0,0.12,0.12,0.8,25.654166666666665
2019-09-09,117.85,4.82,25,0.12,0.0,86400.0,0.12,0.9301851851851886,0.6,25.075000000000003
2019-09-10,118.3,5.45,15,0.13,0.0,86400.0,0.13,7.421666666666665,1.2,26.05
2019-09-11,118.35,5.53,0,0.13,0.0,86400.0,0.13,1.0559259259259268,2.1,27.45416666666667
2019-09-12,118.4,5.6,0,0.13,0.0,86400.0,0.13,0.940185185185178,2.3,26.77916666666667
2019-09-13,118.41,5.62,10,0.13,0.0,86400.0,0.13,0.3614814814814868,0.6,24.98333333333333
2019-09-14,118.6,5.9,45,0.13,0.0,86400.0,0.13,3.3707407407407435,1.1,25.6375
2019-09-15,119.4,7.2,100,0.14,0.0,86400.0,0.14,15.186296296296293,0.9,24.899999999999995
2019-09-16,119.5,7.38,16,0.14,0.0,86400.0,0.14,2.22333333333333,0.7,25.16666666666666
2019-09-17,119.7,7.72,10,0.15,0.0,86400.0,0.15,4.085185185185184,0.7,25.41666666666667
2019-09-18,119.8,7.9,18,0.15,0.0,86400.0,0.15,2.2333333333333405,0.4,24.366666666666664
2019-09-19,120.1,8.48,21,0.51,0.0,86400.0,0.51,7.222962962962964,1.6,25.70833333333333
2019-09-20,120.2,8.7,0,0.51,0.0,86400.0,0.51,3.0562962962962827,1.0,24.775
2019-09-21,120.3,8.93,10,0.51,0.0,86400.0,0.51,3.1720370370370423,1.7,26.15416666666667
2019-09-22,120.4,9.15,4,0.52,0.0,86400.0,0.52,3.066296296296304,1.2,25.950000000000003
2019-09-23,120.5,9.38,0,0.52,0.0,86400.0,0.52,3.1820370370370425,1.6,26.20416666666668
2019-09-24,120.7,9.83,10,1.06,0.0,86400.0,1.06,6.2683333333333255,2.1,27.58333333333333
2019-09-25,120.8,10.06,0,1.07,0.0,86400.0,1.07,3.7320370370370415,2.6,27.67916666666667
2019-09-26,120.75,9.95,0,1.06,0.0,86400.0,1.06,0.0,2.3,26.3625
2019-09-27,120.75,9.95,0,1.06,0.0,86400.0,1.06,1.06,2.3,26.629166666666663
2019-09-28,120.8,10.06,15,1.07,0.0,86400.0,1.07,2.3431481481481624,1.7,26.599999999999994
2019-09-29,120.82,10.1,0,1.07,0.0,86400.0,1.07,1.532962962962953,1.9,26.316666666666663
2019-09-30,121.0,10.51,38,1.08,0.0,86400.0,1.08,5.825370370370372,1.9,26.4
2019-10-01,121.05,10.58,10,1.62,0.0,86400.0,1.62,2.4301851851851883,1.9,26.80416666666667
2019-10-02,121.07,10.61,0,1.62,0.0,86400.0,1.62,1.9672222222222149,1.4,26.25
2019-10-03,121.2,10.8,50,1.64,0.0,86400.0,1.64,3.8390740740740887,1.9,26.425
2019-10-04,121.25,10.96,0,1.64,0.2108,86400.0,1.8508,3.702651851851853,1.2,25.929166666666664
2019-10-05,121.3,11.11,20,1.65,0.71,86400.0,2.36,4.096111111111095,2.1,26.125
2019-10-06,121.35,11.26,26,1.66,1.2353,86400.0,2.8953,4.631411111111115,1.6,25.625
2019-10-07,121.37,11.32,16,1.66,1.85,86400.0,3.51,4.20444444444445,1.8,26.5875
2019-10-08,121.35,11.26,0,1.66,1.5313,86400.0,3.1913,2.49685555555555,2.3,27.4
2019-10-09,121.32,11.17,0,1.65,1.1,86400.0,2.75,1.708333333333335,1.5,26.275
2019-10-10,121.28,11.05,0,1.65,0.5964,86400.0,2.2464,0.8575111111111201,1.5,26.2375
2019-10-11,121.25,10.96,0,1.64,0.29,86400.0,1.93,0.888333333333335,2.0,26.67083333333333
2019-10-12,121.22,10.86,0,1.64,0.0746,86400.0,1.7146,0.5571925925925761,1.5,25.79583333333333
2019-10-13,121.2,10.8,0,1.64,0.0,86400.0,1.64,0.9455555555555704,1.1,25.325
2019-10-14,121.18,10.77,0,0.28,0.0,86400.0,0.28,0.0,2.1,26.691666666666663
2019-10-15,121.15,10.73,0,0.27,0.0,86400.0,0.27,0.0,1.3,25.399999999999995
2019-10-16,121.13,10.7,0,0.27,0.0,86400.0,0.27,0.0,1.6,25.775
2019-10-17,121.11,10.67,0,0.27,0.0,86400.0,0.27,0.0,1.3,26.437500000000004
2019-10-18,121.1,10.65,0,0.16,0.0,86400.0,0.16,0.0,1.3,25.554166666666664
2019-10-19,121.09,10.64,0,0.16,0.0,86400.0,0.16,0.0442592592592617,1.6,26.73333333333333
2019-10-20,121.09,10.64,0,0.16,0.0,86400.0,0.16,0.16,1.5,26.84166666666667
2019-10-21,121.1,10.65,0,0.16,0.0,86400.0,0.16,0.2757407407407383,2.1,26.966666666666665
2019-10-22,121.1,10.65,0,0.16,0.0,86400.0,0.16,0.16,1.9,27.17083333333333
2019-10-23,121.1,10.65,0,0.16,0.0,86400.0,0.16,0.16,2.2,27.724999999999994
2019-10-24,121.1,10.65,0,0.27,0.0,86400.0,0.27,0.27,2.3,27.966666666666665
2019-10-25,121.09,10.64,0,0.44,0.0,86400.0,0.44,0.3242592592592617,2.6,27.408333333333328
2019-10-26,121.08,10.62,0,0.33,0.0,86400.0,0.33,0.0985185185185028,1.7,26.69583333333333
2019-10-27,121.07,10.61,0,0.33,0.0,86400.0,0.33,0.2142592592592617,2.2,26.81249999999999
2019-10-28,121.06,10.59,0,0.33,0.0,86400.0,0.33,0.0985185185185234,2.4,26.308333333333334
2019-10-29,121.05,10.58,0,0.33,0.0,86400.0,0.33,0.2142592592592617,2.3,26.574999999999992
2019-10-30,121.04,10.57,0,0.33,0.0,86400.0,0.33,0.2142592592592617,2.3,26.483333333333324
2019-10-31,121.03,10.55,0,0.33,0.0,86400.0,0.33,0.0985185185185234,1.9,25.787500000000005
2019-11-01,121.05,10.58,0,0.33,0.0,86400.0,0.33,0.6772222222222148,1.9,26.26666666666667
2019-11-02,121.08,10.62,0,0.33,0.0,86400.0,0.33,0.7929629629629532,1.3,25.354166666666668
2019-11-03,121.12,10.68,7,0.16,0.0,86400.0,0.16,0.8544444444444502,1.0,25.15
2019-11-04,121.14,10.71,0,0.16,0.0,86400.0,0.16,0.5072222222222353,2.5,26.075
2019-11-05,121.15,10.73,0,0.16,0.0,86400.0,0.16,0.3914814814814766,2.3,26.475
2019-11-06,121.17,10.76,35,0.17,0.0,86400.0,0.17,0.5172222222222148,1.6,26.554166666666664
2019-11-07,121.17,10.76,0,0.17,0.0,86400.0,0.17,0.17,1.3,25.88333333333333
2019-11-08,121.17,10.76,0,0.17,0.0,86400.0,0.17,0.17,2.3,25.695833333333336
2019-11-09,121.17,10.76,0,0.17,0.0,86400.0,0.17,0.17,3.0,24.65833333333333
2019-11-10,121.17,10.76,0,0.17,0.0,86400.0,0.17,0.17,1.0,22.129166666666663
2019-11-11,121.17,10.76,30,0.99,0.0,86400.0,0.99,0.99,0.4,21.07916666666667
2019-11-12,121.15,10.73,0,0.98,0.0,86400.0,0.98,0.6327777777777852,2.0,24.516666666666666
2019-11-13,121.13,10.7,0,0.16,0.0,86400.0,0.16,0.0,2.0,25.54583333333333
2019-11-14,121.11,10.67,3,0.16,0.0,86400.0,0.16,0.0,2.3,26.133333333333336
2019-11-15,121.1,10.65,0,0.16,0.0,86400.0,0.16,0.0,3.1,25.058333333333334
2019-11-16,121.1,10.65,0,0.16,0.0,86400.0,0.16,0.16,2.3,25.6375
2019-11-17,121.1,10.65,0,0.16,0.0,86400.0,0.16,0.16,2.2,26.579166666666666
2019-11-18,121.1,10.65,0,0.16,0.0,86400.0,0.16,0.16,2.3,26.52916666666665
2019-11-19,121.1,10.65,0,0.16,0.0,86400.0,0.16,0.16,2.7,25.725000000000005
2019-11-20,121.09,10.64,0,0.16,0.0,86400.0,0.16,0.0442592592592617,3.1,25.274999999999995
2019-11-21,121.08,10.62,0,0.16,0.0,86400.0,0.16,0.0,2.7,25.5
2019-11-22,121.07,10.61,0,0.16,0.0,86400.0,0.16,0.0442592592592617,3.0,25.325000000000003
2019-11-23,121.07,10.61,0,0.05,0.0,86400.0,0.05,0.05,2.1,25.354166666666668
2019-11-24,121.07,10.61,0,0.05,0.0,86400.0,0.05,0.05,2.0,26.429166666666664
2019-11-25,121.06,10.59,0,0.22,0.0,86400.0,0.22,0.0,2.4,26.529166666666665
2019-11-26,121.05,10.58,0,0.22,0.0,86400.0,0.22,0.1042592592592617,2.4,26.40416666666667
2019-11-27,121.04,10.57,0,0.22,0.0,86400.0,0.22,0.1042592592592617,2.6,26.8
2019-11-28,121.03,10.55,0,0.22,0.0,86400.0,0.22,0.0,2.5,26.433333333333326
2019-11-29,121.02,10.54,0,0.22,0.0,86400.0,0.22,0.1042592592592411,2.5,26.358333333333324
2019-11-30,121.01,10.52,0,0.22,0.0,86400.0,0.22,0.0,2.6,26.2875
2019-12-01,121.0,10.51,0,0.11,0.0,86400.0,0.11,0.0,2.8,25.529166666666665
2019-12-02,121.0,10.51,0,0.11,0.0,86400.0,0.11,0.11,3.0,24.73333333333333
2019-12-03,121.0,10.51,0,0.05,0.0,86400.0,0.05,0.05,3.4,23.662500000000005
2019-12-04,121.0,10.51,0,0.05,0.0,86400.0,0.05,0.05,3.4,22.84583333333333
2019-12-05,121.0,10.51,0,0.27,0.0,86400.0,0.27,0.27,3.3,22.820833333333336
2019-12-06,120.99,10.49,0,0.27,0.0,86400.0,0.27,0.0385185185185234,4.2,23.23333333333333
2019-12-07,120.98,10.46,0,0.27,0.0,86400.0,0.27,0.0,3.7,22.60416666666666
2019-12-08,120.97,10.44,0,0.11,0.0,86400.0,0.11,0.0,4.1,23.00833333333333
2019-12-09,120.97,10.44,0,0.11,0.0,86400.0,0.11,0.11,3.7,23.60833333333333
2019-12-10,120.96,10.42,0,0.11,0.0,86400.0,0.11,0.0,3.0,23.816666666666663
2019-12-11,120.96,10.42,0,0.11,0.0,86400.0,0.11,0.11,2.7,23.8875
2019-12-12,120.95,10.4,0,0.11,0.0,86400.0,0.11,0.0,2.7,24.316666666666663
2019-12-13,120.95,10.4,0,0.11,0.0,86400.0,0.11,0.11,2.4,24.79583333333333
2019-12-14,120.94,10.37,0,0.11,0.0,86400.0,0.11,0.0,3.2,25.562500000000004
2019-12-15,120.97,10.44,0,0.11,0.0,86400.0,0.11,0.9201851851851884,3.0,25.558333333333334
2019-12-16,120.93,10.35,0,0.11,0.0,86400.0,0.11,0.0,2.9,25.89583333333333
2019-12-17,120.93,10.35,0,0.11,0.0,86400.0,0.11,0.11,2.5,25.65
2019-12-18,120.92,10.33,0,0.22,0.0,86400.0,0.22,0.0,3.0,26.225
2019-12-19,120.91,10.3,0,0.22,0.0,86400.0,0.22,0.0,2.9,26.73333333333333
2019-12-20,120.9,10.28,0,0.22,0.0,86400.0,0.22,0.0,3.0,26.13333333333333
2019-12-21,120.89,10.26,0,0.22,0.0,86400.0,0.22,0.0,3.2,25.89583333333333
2019-12-22,120.87,10.21,0,0.38,0.0,86400.0,0.38,0.0,2.7,25.875000000000004
2019-12-23,120.85,10.17,0,0.27,0.0,86400.0,0.27,0.0,3.0,25.629166666666663
2019-12-24,120.83,10.13,0,0.27,0.0,86400.0,0.27,0.0,2.8,25.58333333333333
2019-12-25,120.81,10.08,0,0.27,0.0,86400.0,0.27,0.0,2.8,25.099999999999994
2019-12-26,120.79,10.04,0,0.43,0.0,86400.0,0.43,0.0,2.1,24.879166666666663
2019-12-27,120.75,9.95,0,0.59,0.0,86400.0,0.59,0.0,2.7,24.370833333333334
2019-12-28,120.71,9.85,0,0.58,0.0,86400.0,0.58,0.0,2.4,23.345833333333328
2019-12-29,120.6,9.61,0,0.68,0.0,86400.0,0.68,0.0,2.5,24.829166666666666
2019-12-30,120.61,9.63,0,0.68,0.0,86400.0,0.68,0.9114814814814972,2.8,26.54583333333333
2019-12-31,120.56,9.52,0,0.68,0.0,86400.0,0.68,0.0,3.5,26.879166666666663